,name,vitamin b6,total proteins,total saturated triglycerides,total vitamin b2
name,,,,,
vitamin b6,,0.0,51065308880.00825,45737.60308535642,11.40461549984941
total proteins,,51065308880.00825,0.0,1183.988942982405,138819021999.36792
total saturated triglycerides,,45737.60308535642,1183.988942982405,0.0,267880.24819076905
total vitamin b2,,11.40461549984941,138819021999.36792,267880.24819076905,0.0
