,name,vitamin b6,total proteins,total saturated triglycerides,total vitamin b2
label,,,,,
vitamin b2,,2.064367434515233,601559364912.4991,198020.9343937653,14.468108674848606
vitamin b6,,2.168132623707606,279367570602.92737,141162.1812164827,16.0174998226431
dietary fiber,,3575020.051447259,1269979.3825266312,11.49312620782171,350768529.48231333
proteins,,490027122955665.5,3.0144776703129748,17067.753838613484,1.6361405306092454e+16
