,label,vitamin b2,vitamin b6,dietary fiber,proteins
label,,,,,
vitamin b2,,0.0,2.189019606812891,42752006.55114731,8.971213493027118e+16
vitamin b6,,2.189019606812891,0.0,39656585.82069931,5.155379679391586e+16
dietary fiber,,42752006.55114731,39656585.82069931,0.0,88960555.20353794
proteins,,8.971213493027118e+16,5.155379679391586e+16,88960555.20353794,0.0
