,name,vitamin b6,total proteins,total saturated triglycerides,total vitamin b2
name,,,,,
vitamin b6,,0.0,5.15429936729771e+23,2591538382372.3105,419.8809539349631
total proteins,,5.15429936729771e+23,0.0,737.5742746731293,7.047772379113023e+25
total saturated triglycerides,,2591538382372.3105,737.5742746731293,0.0,1.4059940695746716e+16
total vitamin b2,,419.8809539349631,7.047772379113023e+25,1.4059940695746716e+16,0.0
