,name,vitamin b6,total proteins,total saturated triglycerides,total vitamin b2
label,,,,,
vitamin b2,,7.843186184318659,1.5895080086553821e+28,2441603827230209.5,9.430336509576932
vitamin b6,,76.28000238181403,6.672403097765748e+26,389725667679608.1,5.69504933260509
dietary fiber,,26692451830.808952,4084718945.5654397,303.9954551506738,5.001594482263871e+16
proteins,,4.1201746606085466e+24,1.0995181950751018,2634.214128567965,2.3570590769135363e+29
