,label,vitamin b2,vitamin b6,dietary fiber,proteins
label,,,,,
vitamin b2,,0.0,2.4210856364598743,11708811820219.68,1.0591790773180995e+29
vitamin b6,,2.4210856364598743,0.0,512105068764950.2,8.026442482949406e+28
dietary fiber,,11708811820219.68,512105068764950.2,0.0,1056415771108.6077
proteins,,1.0591790773180995e+29,8.026442482949406e+28,1056415771108.6077,0.0
